field1,field2,field3,field4,field5,_GC_TYPE,_X,_Y
강원도,춘천시,충열로 142번길 24-16,강원도 춘천시 충열로 142번길 24-16,강원도 재활병원,정,127.74118179360951,37.90367460276955
강원도,강릉시,경강로 2007(남문동 164-1),강원도 강릉시 경강로 2007(남문동 164-1),강원도 강릉의료원,정,128.88926157593534,37.74908720442431
강원도,삼척시,오십천로 418,강원도 삼척시 오십천로 418,강원도 삼척의료원,정,129.16314308608315,37.439963393784986
강원도,원주시,서원대로 387(개운동),강원도 원주시 서원대로 387(개운동),강원도 원주의료원,정,127.94920274301674,37.33305620421549
강원도,속초시,영랑호반길 3,강원도 속초시 영랑호반길 3,강원도 속초의료원,정,128.5879188173883,38.21606334107183
강원도,춘천시,세실로 252,강원도 춘천시 세실로 252,춘천시 노인전문병원,정,127.75636438302567,37.88017705441464
강원도,영월군,영월읍 중앙1로 59,강원도 영월군 영월읍 중앙1로 59,강원도 영월의료원,정,128.4652327405729,37.18676929343661
강원도,강릉시,경강로 2007,강원도 강릉시 경강로 2007,강원도립강릉요양병원,정,128.88926157593534,37.74908720442431
강원도,정선군,사북읍 지장천로 727,강원도 정선군 사북읍 지장천로 727,정선군립병원,정,128.8263457319836,37.22617810142561
경기도,이천시,경충대로 2742,경기도 이천시 경충대로 2742,경기도의료원 이천병원,정,127.43261278412902,37.2829419550332
경기도,안성시,고수2로 17번지(당왕동),경기도 안성시 고수2로 17번지(당왕동),경기도의료원 안성병원,정,127.25788476570493,37.015165432971216
경기도,수원시,장안구 수성로 245번길 69,경기도 수원시 장안구 수성로 245번길 69,경기도의료원 수원병원,정,126.99683399195018,37.29235056019484
경기도,파주시,중앙로 207(금촌동),경기도 파주시 중앙로 207(금촌동),경기도의료원 파주병원,정,126.77963545842401,37.75487956287655
경기도,포천시,포천로 1648(신읍동),경기도 포천시 포천로 1648(신읍동),경기도의료원 포천병원,정,127.19844993726652,37.90326413301618
경기도,평택시,삼남로 312(도일동),경기도 평택시 삼남로 312(도일동),경기도노인전문 평택병원,정,127.09743039965404,37.0539896796532
경기도,용인시,기흥구 중부대로 940,경기도 용인시 기흥구 중부대로 940,경기도노인전문 용인병원,정,127.15453014837489,37.25103698574395
경기도,의정부시,흥선로 142 (의정부동),경기도 의정부시 흥선로 142 (의정부동),경기도의료원 의정부병원,정,127.04243221246831,37.74093529235762
경기도,여주시,북내면 도예로 361-14,경기도 여주시 북내면 도예로 361-14,경기도노인전문여주병원,정,127.66916966545699,37.32500844115604
경기도,시흥시,하중로 285,경기도 시흥시 하중로 285,경기도노인전문 시흥병원,정,126.80709817634381,37.38628129427746
경기도,동두천시,탑신로 536,경기도 동두천시 탑신로 536,경기도노인전문 동두천병원,정,127.13602806389103,37.9008344097053
경기도,남양주시,수동면 외방로 172번길32,경기도 남양주시 수동면 외방로 172번길32,경기도노인전문 남양주병원,정,127.30793429092653,37.73769567088884
경상남도,통영시,도산면 남해안대로1818,경상남도 통영시 도산면 남해안대로1818,경상남도립 통영노인전문병원,정,128.35959881793704,34.91297037295965
경기도,부천시,까치로 26,경기도 부천시 까치로 26,부천시립 노인전문병원,정,126.80837644699986,37.509179842403306
경상남도,사천시,축동면 서삼로1110-35,경상남도 사천시 축동면 서삼로1110-35,경상남도립 사천노인전문병원,정,128.04481044695675,35.09266360943966
경기도,용인시,기흥구 중부대로 940,경기도 용인시 기흥구 중부대로 940,경기도립정신병원,정,127.15453014837489,37.25103698574395
경상남도,사천시,축동면 서삼로 1110-35,경상남도 사천시 축동면 서삼로 1110-35,경상남도립정신병원,정,128.04481044695675,35.09266360943966
경상남도,김해시,김해대로 1814-39(삼계동),경상남도 김해시 김해대로 1814-39(삼계동),경상남도립 김해노인전문병원,정,128.86100408061728,35.261622710286254
경기도,안산시,상록구 차돌배기로 24,경기도 안산시 상록구 차돌배기로 24,안산시립 노인전문병원,정,126.84613635522855,37.29967233902314
경상남도,거창군,거창읍 운정3길 180,경상남도 거창군 거창읍 운정3길 180,거창군립 노인요양병원,정,127.89083439755959,35.675964643035805
경상남도,양산시,상북면 양산대로 1870-64,경상남도 양산시 상북면 양산대로 1870-64,경상남도립 양산노인전문병원,정,129.06962288718108,35.42906714530841
경상남도,창원시,의창구 북면 단내로 499-32,경상남도 창원시 의창구 북면 단내로 499-32,시립창원 요양병원,정,128.57429909644216,35.349353135348636
경상남도,의령군,부림면 대한로 1655,경상남도 의령군 부림면 대한로 1655,의령군립노인전문병원,정,128.31343457433522,35.464571273840505
경상북도,김천시,모암길 24(모암동),경상북도 김천시 모암길 24(모암동),경상북도 김천의료원,정,128.1265918643238,36.122518236625766
경상남도,창원시,마산합포구 현동로 15,경상남도 창원시 마산합포구 현동로 15,시립마산 요양병원,정,128.55187113647253,35.15402642327704
경상북도,포항시,북구 용흥로 36,경상북도 포항시 북구 용흥로 36,경상북도 포항의료원,정,129.3545665756366,36.03516548686979
경상북도,울진군,울진읍 현내항길 71,경상북도 울진군 울진읍 현내항길 71,울진군의료원,정,129.41016402833444,36.99216042895842
경상남도,창원시,마산합포구3.15대로 231,경상남도 창원시 마산합포구3.15대로 231,경상남도 마산의료원,대,128.46839109976136,35.13912944763056
경상남도,남해군,남해읍 화전로173-1,경상남도 남해군 남해읍 화전로173-1,남해군립 노인전문병원,정,127.89264974833284,34.84666074228915
경상북도,경주시,현곡면 충현로 610-120,경상북도 경주시 현곡면 충현로 610-120,경주시립 노인전문요양병원,정,129.16653006808724,35.876411430713475
경상북도,안동시,태사2길 55,경상북도 안동시 태사2길 55,경상북도 안동의료원,정,128.73171049757525,36.5679407463218
경상북도,안동시,남후면 남일로 1463,경상북도 안동시 남후면 남일로 1463,경상북도립 안동노인전문요양병원,정,128.6891153104821,36.5228407698582
경상북도,문경시,문경읍 여우목로 31,경상북도 문경시 문경읍 여우목로 31,시립문경요양병원,정,128.1116831911379,36.73182804300802
경상북도,영주시,안정면 장안로 697,경상북도 영주시 안정면 장안로 697,영주시립노인전문요양병원,정,128.5649101480927,36.830156712482555
경상북도,포항시,북구 용흥로 36,경상북도 포항시 북구 용흥로 36,경상북도포항노인전문요양병원,정,129.3545665756366,36.03516548686979
경상북도,상주시,용마로 190-45(도남동),경상북도 상주시 용마로 190-45(도남동),상주시립 노인요양병원,정,128.24306400021425,36.43678452437118
경상북도,의성군,의성읍 안평의성로 1122-30,경상북도 의성군 의성읍 안평의성로 1122-30,의성군공립요양병원,정,128.6809771612682,36.35966886134296
경상북도,김천시,어모면 신애길 100-10,경상북도 김천시 어모면 신애길 100-10,경상북도립김천노인전문요양병원,정,128.05238091653143,36.211246770391455
경상북도,고령군,대가야읍 중앙로 31,경상북도 고령군 대가야읍 중앙로 31,고령군립요양병원,정,128.27195742724336,35.73028664886301
경상북도,구미시,야은로 37-1,경상북도 구미시 야은로 37-1,구미시립 노인요양병원,정,128.29025038392274,36.153165848021665
경상북도,경산시,경안로 23-10,경상북도 경산시 경안로 23-10,경상북도립 경산노인전문요양병원,정,128.73921410317152,35.8093513182666
경상북도,울진군,울진읍 현내항길 71,경상북도 울진군 울진읍 현내항길 71,울진군의료원요양병원,정,129.41016402833444,36.99216042895842
경기도,안산시,상록구 구룡로 87(일동),경기도 안산시 상록구 구룡로 87(일동),근로복지공단 안산병원,정,126.87496045776336,37.316088101175005
인천광역시,부평구,무네미로 446(구산동),인천광역시 부평구 무네미로 446(구산동),근로복지공단 인천병원,정,126.75409640821447,37.4758385738503
경상북도,청도군,화양읍 청화로 79-7,경상북도 청도군 화양읍 청화로 79-7,군립청도노인요양병원,정,128.73680627067017,35.6486301890237
경상북도,울릉군,울릉읍 울릉순환로 396-18,경상북도 울릉군 울릉읍 울릉순환로 396-18,울릉군 노인요양병원,정,130.89883520128174,37.48589412635788
대구광역시,북구,학정로 515(학정동),대구광역시 북구 학정로 515(학정동),근로복지공단 대구병원,정,128.5640153332732,35.95082623498492
경상북도,칠곡군,왜관읍 금남5길 58,경상북도 칠곡군 왜관읍 금남5길 58,칠곡군립노인요양병원,정,128.4123474705104,35.92556896817527
강원도,정선군,정선읍 봉양1길 145(봉양4리),강원도 정선군 정선읍 봉양1길 145(봉양4리),근로복지공단 정선병원,정,128.6591553593314,37.382787489355586
경상북도,봉화군,봉화읍 보밑길 9,경상북도 봉화군 봉화읍 보밑길 9,봉화군립노인전문요양병원,정,128.7337785929773,36.89174059939995
대전광역시,대덕구,계족로 637(법동),대전광역시 대덕구 계족로 637(법동),근로복지공단 대전병원,정,127.42811707437205,36.36926605259734
경상남도,창원시,성산구 창원대로 721(중앙동),경상남도 창원시 성산구 창원대로 721(중앙동),근로복지공단 창원병원,정,128.67162359407584,35.21851730863637
광주광역시,광산구,삼도로 84-3(삼거동),광주광역시 광산구 삼도로 84-3(삼거동),광주시립제1요양병원,정,126.66710043517502,35.162294004489745
전라남도,순천시,조례 1길 24(조례동),전라남도 순천시 조례 1길 24(조례동),근로복지공단 순천병원,정,127.5251899248384,34.961892538893736
경기도,화성시,우정읍 쌍봉로 465-4(화수리),경기도 화성시 우정읍 쌍봉로 465-4(화수리),근로복지공단 경기요양병원,정,126.7958023493725,37.11454030141003
광주광역시,북구,하서로 590(본촌동),광주광역시 북구 하서로 590(본촌동),호남권역재활병원,정,126.88403010019641,35.22541071957414
강원도,태백시,보드미길8(장성동),강원도 태백시 보드미길8(장성동),근로복지공단 태백병원,정,129.00347343043248,37.10425731902284
강원도,동해시,하평로 11(평릉동),강원도 동해시 하평로 11(평릉동),근로복지공단 동해병원,정,129.1053020173935,37.53169398331252
강원도,강릉시,죽헌로 7,강원도 강릉시 죽헌로 7,강릉원주대학교치과병원,대,128.86983911982907,37.78202995957674
대구광역시,중구,달구벌대로 2175번지,대구광역시 중구 달구벌대로 2175번지,경북대학교치과병원,정,128.60139350345224,35.863898181220094
광주광역시,남구,덕남길 100,광주광역시 남구 덕남길 100,광주시립제2요양병원,정,126.89764984021039,35.09388375441645
강원도,춘천시,백령로 156,강원도 춘천시 백령로 156,강원대학교병원,정,127.74393330856688,37.87434587471677
광주광역시,광산구,삼도로 84-3(삼거동),광주광역시 광산구 삼도로 84-3(삼거동),광주시립정신병원,정,126.66710043517502,35.162294004489745
대구광역시,북구,호국로 807,대구광역시 북구 호국로 807,칠곡경북대학교병원,정,128.56440633563403,35.956746870064
부산광역시,서구,구덕로 179,부산광역시 서구 구덕로 179,부산대학교병원,정,129.0188451368503,35.100794720670834
경상남도,양산시,물금읍 금오로 20,경상남도 양산시 물금읍 금오로 20,부산대학교한방병원,정,129.00561716784043,35.327895137453424
대구광역시,중구,동덕로 130,대구광역시 중구 동덕로 130,경북대학교병원,정,128.6047376119888,35.86551913578536
제주특별자치도,제주시,아란13길 15(아라일동),제주특별자치도 제주시 아란13길 15(아라일동),제주대학교병원,정,126.54520066247917,33.46720906633055
대전광역시,중구,문화로 282,대전광역시 중구 문화로 282,충남대학교병원,정,127.41546962876423,36.31612807643724
전라북도,전주시,덕진구 건지로 20,전라북도 전주시 덕진구 건지로 20,전북대학교병원,정,127.1372340229785,35.84783087406626
경상남도,창원시,성산구 삼정자로 11,경상남도 창원시 성산구 삼정자로 11,창원경상대학교병원,정,128.70598724406136,35.19906043658047
광주광역시,동구,제봉로 42,광주광역시 동구 제봉로 42,전남대학교병원,정,126.92209147845719,35.14238401249734
경상남도,양산시,물금읍 금오로 20,경상남도 양산시 물금읍 금오로 20,양산부산대학교병원,정,129.00561716784043,35.327895137453424
충청북도,청주시,서원구 1순환로 776 충북대학교병원,충청북도 청주시 서원구 1순환로 776 충북대학교병원,충북대학교병원,정,127.4615812488136,36.62416715907525
경기도,성남시,분당구 구미로 173번길 82,경기도 성남시 분당구 구미로 173번길 82,분당서울대학교병원,정,127.12320999926908,37.35195863814387
서울특별시,종로구,대학로 101,서울특별시 종로구 대학로 101,서울대학교병원,정,126.99835383315136,37.578547479920125
경상남도,진주시,강남로 79 경상대학교병원,경상남도 진주시 강남로 79 경상대학교병원,경상대학교병원,정,128.09611863909285,35.17662095730937
광주광역시,남구,덕남길 80,광주광역시 남구 덕남길 80,빛고을전남대학교병원,정,126.89619806597808,35.09419303480022
전라북도,전주시,덕진구 건지로 20,전라북도 전주시 덕진구 건지로 20,전북대학교 치과병원,정,127.1372340229785,35.84783087406626
경상남도,양산시,물금읍 금오로 20,경상남도 양산시 물금읍 금오로 20,부산대학교치과병원,정,129.00561716784043,35.327895137453424
광주광역시,광산구,첨단월봉로 99,광주광역시 광산구 첨단월봉로 99,한국보훈복지의료공단 대구보훈병원,정,126.84809381738287,35.20803356699697
부산광역시,사상구,백양대로 420,부산광역시 사상구 백양대로 420,한국보훈복지의료공단 부산보훈병원,정,129.0077945806234,35.15385770624443
서울특별시,종로구,대학로 101,서울특별시 종로구 대학로 101,서울대학교치과병원,정,126.99835383315136,37.578547479920125
부산광역시,해운대구,세실로186,부산광역시 해운대구 세실로186,국군부산병원,유,129.17668809255755,35.18039745720161
서울특별시,강동구,진황도로 61길 53,서울특별시 강동구 진황도로 61길 53,한국보훈복지의료공단 중앙보훈병원,정,127.14720614579596,37.52818853622158
대구광역시,달서구,월곡로 60,대구광역시 달서구 월곡로 60,광주보훈병원,정,128.55171210620003,35.802829197638665
광주광역시,북구,용봉로 33,광주광역시 북구 용봉로 33,전남대학교치과병원,정,126.90053465673395,35.17189395182275
경기도,포천시,화현면 화동로 564,경기도 포천시 화현면 화동로 564,국군일동병원,정,127.310361382707,37.91597797677663
대전광역시,대덕구,대청로 82번길 147,대전광역시 대덕구 대청로 82번길 147,대전보훈병원,정,127.4396937373373,36.44731633387456
전라남도,화순군,화순읍 서양로 322,전라남도 화순군 화순읍 서양로 322,화순전남대학교병원,정,127.00321914426334,35.06107611898164
강원도,원주시,소초면 북원로 3223번지,강원도 원주시 소초면 북원로 3223번지,국군원주의원,유,127.96631646006428,37.42656104926311
경기도,성남시,분당구 새마을로 177번길 81,경기도 성남시 분당구 새마을로 177번길 81,국군수도병원,유,127.15091056753339,37.38950866690928
경기도,양주시,은현면 화합로 1133,경기도 양주시 은현면 화합로 1133,국군양주병원,유,127.04115555441986,37.85136022734331
강원도,춘천시,방고개길 57번,강원도 춘천시 방고개길 57번,국군춘천병원,유,127.7297481993441,37.93822629226092
경기도,고양시,덕양구 혜음로 215,경기도 고양시 덕양구 혜음로 215,국군고양병원,정,126.89809652613438,37.71938053072631
서울특별시,종로구,삼청로10길 13,서울특별시 종로구 삼청로10길 13,서울지구병원,유,126.98200921613825,37.587867997160075
경기도,가평군,청평면 경춘로 926,경기도 가평군 청평면 경춘로 926,국군청평병원,유,127.42696838639397,37.74569181683995
강원도,홍천군,두촌면 아홉사리로 43,강원도 홍천군 두촌면 아홉사리로 43,국군홍천병원,정,127.99646405172108,37.804185492062366
대구광역시,서구,평리로 157,대구광역시 서구 평리로 157,대구의료원,정,128.53854215123826,35.8596760638563
경상북도,경산시,하양읍 은호리 대경로 425-41,경상북도 경산시 하양읍 은호리 대경로 425-41,국군대구병원,정,128.78834738817127,35.90088328633161
충청북도,청원군,남일면 단재로 635 사서함 335-21호,충청북도 청원군 남일면 단재로 635 사서함 335-21호,공군항공우주의료원,대,127.50921842771814,36.71256004063435
대전광역시,유성구,자운로 90,대전광역시 유성구 자운로 90,국군대전병원,유,127.34692456139224,36.39842460756805
강원도,강릉시,주문진읍 동해대로 4371-34,강원도 강릉시 주문진읍 동해대로 4371-34,국군강릉병원,정,128.83097465958204,37.86881345253765
경상남도,창원시,진해구 진해대로 963해군해양의료원,경상남도 창원시 진해구 진해대로 963해군해양의료원,해군해양의료원,유,128.70688856685328,35.143746903549946
충청남도,논산시,"연무읍 득안대로 450-8, 사서함76-16호","충청남도 논산시 연무읍 득안대로 450-8, 사서함76-16호",육군훈련소 지구병원,정,127.09965665993236,36.110894883935245
전라남도,함평군,해보면 신해로 1027,전라남도 함평군 해보면 신해로 1027,국군함평병원,정,126.58884136330556,35.181350317687006
경상북도,포항시,남구 오천읍 충무로 70 사서함 209-141호,경상북도 포항시 남구 오천읍 충무로 70 사서함 209-141호,해군포항병원,유,129.41677528469432,35.976001856420204
충청남도,계룡시,신도안면 부남리 사서함 501-37호,충청남도 계룡시 신도안면 부남리 사서함 501-37호,계룡대지구병원,대,127.21424528105238,36.319304630974784
대구광역시,서구,와룡로 298-13번지,대구광역시 서구 와룡로 298-13번지,대구광역시 서부노인전문병원,정,128.5392217382977,35.85972788753589
강원도,양구군,양구읍 금강산로 510 백두병원,강원도 양구군 양구읍 금강산로 510 백두병원,백두병원(21사단 의무대),유,127.99550444193058,38.12373191842818
경기도,양평군,양평읍 중앙로 260,경기도 양평군 양평읍 중앙로 260,국립교통재활병원,정,127.5178567294888,37.49038537029721
대전광역시,유성구,진잠옛로 135번길 87(학하동),대전광역시 유성구 진잠옛로 135번길 87(학하동),대전광역시립정신병원,정,127.30569071881726,36.33202588897529
대전광역시,동구,산내로 300(하소동),대전광역시 동구 산내로 300(하소동),대전광역시립제2노인전문병원,정,127.44046569150734,36.21255904593196
대구광역시,달성군,화원읍 명천로 58,대구광역시 달성군 화원읍 명천로 58,대구정신병원,정,128.50969903203182,35.805245011458105
인천광역시,연수구,원인재로 263,인천광역시 연수구 원인재로 263,인천적십자병원,정,126.68753661248105,37.41856765022094
대전광역시,유성구,유성대로 1422(방현동),대전광역시 유성구 유성대로 1422(방현동),대전광역시립제1노인전문병원,정,127.37347041906169,36.40513333570395
서울특별시,강북구,삼각산로 58 국립재활원,서울특별시 강북구 삼각산로 58 국립재활원,국립재활원,정,127.01145871916606,37.639174399022984
대구광역시,수성구,유니버시아드로 365,대구광역시 수성구 유니버시아드로 365,대구광역시 시지노인전문병원,정,128.71036320032226,35.82889445274884
경상북도,상주시,상서문로 53,경상북도 상주시 상서문로 53,상주적십자병원,정,128.15530627280359,36.41445146441963
인천광역시,연수구,원인재로 263,인천광역시 연수구 원인재로 263,경인의료재활센터병원,정,126.68753661248105,37.41856765022094
전라남도,나주시,산포면 세남로 1328-31번지,전라남도 나주시 산포면 세남로 1328-31번지,국립나주병원,정,126.82631182724548,35.00835399567249
서울특별시,종로구,새문안로 9,서울특별시 종로구 새문안로 9,서울적십자병원,정,126.96738597055143,37.56749742388842
대전광역시,유성구,진잠옛로 135번길 87(학하동),대전광역시 유성구 진잠옛로 135번길 87(학하동),대전광역시립정신병원,정,127.30569071881726,36.33202588897529
경상남도,통영시,중앙로 97,경상남도 통영시 중앙로 97,통영적십자병원,정,128.41988570650068,34.842384028795294
서울특별시,중구,을지로 245,서울특별시 중구 을지로 245,국립중앙의료원,정,127.006271863833,37.56802248681253
경상남도,창녕군,부곡면 부곡로 145,경상남도 창녕군 부곡면 부곡로 145,국립부곡병원,정,128.61233825126192,35.4362867289041
서울특별시,광진구,용마산로 127,서울특별시 광진구 용마산로 127,국립정신건강센터,정,127.08577678685391,37.56508605923995
서울특별시,노원구,노원로 75,서울특별시 노원구 노원로 75,한국원자력의학원원자력병원,정,127.0818105437995,37.628267224986445
강원도,춘천시,영서로 824,강원도 춘천시 영서로 824,국립춘천병원,정,127.76661489277815,37.77144045787563
부산광역시,사상구,학감대로 39번길 104-36,부산광역시 사상구 학감대로 39번길 104-36,부산시립정신병원,정,128.99511645123755,35.132874603823744
서울특별시,은평구,백련산로 90(응암동),서울특별시 은평구 백련산로 90(응암동),서울특별시 은평병원,정,126.92376294414464,37.594205743542474
경기도,고양시,일산동구 일산로 100,경기도 고양시 일산동구 일산로 100,국민건강보험공단 일산병원,정,126.7930402400958,37.64547576936719
대전광역시,유성구,진잠옛로 135번길 87(학하동),대전광역시 유성구 진잠옛로 135번길 87(학하동),대전광역시립정신병원,정,127.30569071881726,36.33202588897529
부산광역시,북구,함박봉로 98,부산광역시 북구 함박봉로 98,부산노인전문제1병원,정,129.02820536397942,35.20614858289911
서울특별시,강남구,봉은사로114길 43,서울특별시 강남구 봉은사로114길 43,서울특별시 서울의료원 강남분원,정,127.06625831620902,37.51203707611748
부산광역시,연제구,월드컵대로 359,부산광역시 연제구 월드컵대로 359,부산노인전문제2병원,정,129.05741771026027,35.18750711993748
전라남도,고흥군,도양읍 소록해안길 65,전라남도 고흥군 도양읍 소록해안길 65,국립소록도병원,정,127.12091584200222,34.510942227263435
경기도,고양시,일산동구 일산로 323번지,경기도 고양시 일산동구 일산로 323번지,국립암센터,정,126.78339789305764,37.66322687176524
경기도,남양주시,수동면 외방로 172번길 58,경기도 남양주시 수동면 외방로 172번길 58,서울특별시 축령정신병원,정,127.31023717458768,37.739494847768235
서울특별시,동대문구,무학로 124,서울특별시 동대문구 무학로 124,서울특별시 동부병원,정,127.03151312617308,37.57535416122787
부산광역시,해운대구,해운대로 469번 가길77(우동),부산광역시 해운대구 해운대로 469번 가길77(우동),부산노인전문제3병원,정,129.14749224493778,35.16832378015256
서울특별시,동작구,보라매로5길 20,서울특별시 동작구 보라매로5길 20,서울특별시 보라매병원,정,126.92421374725467,37.493094707020205
서울특별시,중랑구,신내로 156,서울특별시 중랑구 신내로 156,서울특별시 서울의료원,정,127.09873231346052,37.61307887610185
경상남도,거창군,거창읍 중앙로 91,경상남도 거창군 거창읍 중앙로 91,거창적십자병원,정,127.90913734833896,35.68652059120158
대전광역시,유성구,진잠옛로 135번길 87(학하동),대전광역시 유성구 진잠옛로 135번길 87(학하동),대전광역시립정신병원,정,127.30569071881726,36.33202588897529
인천광역시,동구,방축로 217,인천광역시 동구 방축로 217,인천광역시의료원,정,126.66866435707946,37.478815141175154
서울특별시,양천구,신정이펜1로 20(신정동),서울특별시 양천구 신정이펜1로 20(신정동),서울특별시 서남병원,정,126.83313164551598,37.51202083918024
부산광역시,동매로,44번길 4,부산광역시 동매로 44번길 4,부산노인전문 제4병원,정,128.96306083895203,35.10242307051563
경기도,남양주시,수동면 외방로 172번길 58,경기도 남양주시 수동면 외방로 172번길 58,서울특별시 축령정신병원,정,127.31023717458768,37.739494847768235
경기도,고양시,덕양구 통일로 1102번길 46,경기도 고양시 덕양구 통일로 1102번길 46,고양정신병원,정,126.85434109576944,37.71122281585809
서울특별시,송파구,송이로 123,서울특별시 송파구 송이로 123,경찰병원,정,127.12348774470894,37.49641448091862
충청남도,공주시,고분티로 623-21,충청남도 공주시 고분티로 623-21,국립공주병원,정,127.10893866634983,36.40245323494519
서울특별시,성동구,마장로 207,서울특별시 성동구 마장로 207,서울특별시 장애인치과병원,정,127.03281068849658,37.566711770509286
부산광역시,기장군,장안읍 좌동길 40,부산광역시 기장군 장안읍 좌동길 40,동남권원자력의학원,정,129.24433077984327,35.32184339954784
전라남도,강진군,강진읍 탐진로 5번지,전라남도 강진군 강진읍 탐진로 5번지,전라남도 강진의료원,정,126.75814076562402,34.63749930890818
대전광역시,유성구,진잠옛로 135번길 87(학하동),대전광역시 유성구 진잠옛로 135번길 87(학하동),대전광역시립정신병원,정,127.30569071881726,36.33202588897529
경기도,남양주시,수동면 외방로 172번길 58,경기도 남양주시 수동면 외방로 172번길 58,서울특별시 축령정신병원,정,127.31023717458768,37.739494847768235
전라남도,고흥군,고흥읍 고흥로 1941,전라남도 고흥군 고흥읍 고흥로 1941,고흥군공립노인전문요양병원,정,127.29424481848677,34.622213465552235
전라남도,광양시,진등길 91(마동),전라남도 광양시 진등길 91(마동),광양시공립 노인전문요양병원,정,127.69009760615762,34.95748314249398
울산광역시,울주군,온양읍 덕남로 243 (동상리),울산광역시 울주군 온양읍 덕남로 243 (동상리),울산광역시립노인병원,정,129.29760603913562,35.421990388924904
부산광역시,연제구,월드컵대로 359,부산광역시 연제구 월드컵대로 359,부산광역시의료원,정,129.05741771026027,35.18750711993748
전라남도,무안군,무안읍몽탄로 51-12,전라남도 무안군 무안읍몽탄로 51-12,공립무안군 노인전문요양병원,정,126.48920192899706,34.99322510730123
전라남도,목포시,신지마을 1길 75(석현동 45),전라남도 목포시 신지마을 1길 75(석현동 45),국립목포병원,정,126.43689119914447,34.82545813436147
전라북도,전주시,완산구 능안자구길 80,전라북도 전주시 완산구 능안자구길 80,전주시노인복지병원,정,127.0857345038901,35.80408038734571
경기도,남양주시,수동면 외방로 172번길 58,경기도 남양주시 수동면 외방로 172번길 58,서울특별시 축령정신병원,정,127.31023717458768,37.739494847768235
전라남도,여수시,둔덕5길 29(471-100번지),전라남도 여수시 둔덕5길 29(471-100번지),여수시 노인전문요양병원,정,127.69951068226747,34.764553001944556
전라남도,보성군,벌교읍 남하로 4-10,전라남도 보성군 벌교읍 남하로 4-10,보성군립 노인전문요양병원,정,127.34504196383145,34.833593557134286
충청남도,공주시,반포면 반포초교길 253,충청남도 공주시 반포면 반포초교길 253,국립법무병원(치료감호소),정,127.23829389633623,36.41225477812584
서울특별시,중랑구,양원역로 38,서울특별시 중랑구 양원역로 38,서울특별시 북부병원,정,127.10768145792613,37.60439476739293
전라남도,장성군,장성읍 강변안길 100 (기산리 489-5),전라남도 장성군 장성읍 강변안길 100 (기산리 489-5),장성공립 노인전문요양병원,정,126.77745049593139,35.30231732654665
전라남도,진도군,의신면 운림산방로 31,전라남도 진도군 의신면 운림산방로 31,진도군 노인전문요양병원,정,126.27865445627376,34.46511424769923
서울특별시,서초구,"헌릉로 260 (내곡동 ,서울시립어린이병원)","서울특별시 서초구 헌릉로 260 (내곡동 ,서울시립어린이병원)",서울특별시 어린이병원,정,127.06881703877377,37.455292155659194
제주특별자치도,서귀포시,동문로 1,제주특별자치도 서귀포시 동문로 1,제주권역재활병원,정,126.56246751146745,33.2528817851119
인천광역시,옹진군,백령로 233,인천광역시 옹진군 백령로 233,인천광역시의료원 백령병원,정,124.72077988064099,37.96745066409345
전라남도,함평군,학교면 학교화산길 16-19,전라남도 함평군 학교면 학교화산길 16-19,참사랑요양병원(함평군공립요양병원),정,126.53666305241626,35.04869749774139
전라북도,남원시,충정로 365번지(고죽동),전라북도 남원시 충정로 365번지(고죽동),전라북도 남원의료원,정,127.40583996547467,35.43301993596164
서울특별시,강남구,헌릉로 590길 60,서울특별시 강남구 헌릉로 590길 60,강남구립행복요양병원,정,127.10332331493144,37.461177259892715
전라남도,신안군,압해읍 구항길 92-50,전라남도 신안군 압해읍 구항길 92-50,신안군 노인전문요양병원,정,126.31379535648166,34.853129455206656
전라북도,군산시,의료원로 27,전라북도 군산시 의료원로 27,전라북도 군산의료원,정,126.71191857176784,35.954930741569214
경상남도,창원시,마산합포구 가포로 215,경상남도 창원시 마산합포구 가포로 215,국립마산병원,정,128.56410590281385,35.1680288691051
전라북도,완주군,상관면 북치길 44-54,전라북도 완주군 상관면 북치길 44-54,완주군아름다운노인전문병원,정,127.2300193051859,35.72953878510926
경기도,용인시,기흥구 중부대로 940,경기도 용인시 기흥구 중부대로 940,서울특별시 용인정신병원,정,127.15453014837489,37.25103698574395
전라남도,곡성군,겸면 곡순로 1756번지,전라남도 곡성군 겸면 곡순로 1756번지,곡성군립 노인전문요양병원,정,127.18427042392682,35.25309877199431
충청남도,홍성군,홍성읍 조양로  224,충청남도 홍성군 홍성읍 조양로  224,충청남도도립 홍성노인전문병원,정,126.67457735920094,36.59886844088222
전라북도,진안군,진안읍 진무로 1145,전라북도 진안군 진안읍 진무로 1145,진안군의료원,정,127.43203931611298,35.79510949236693
전라남도,영광군,영광읍 와룡로 3-1,전라남도 영광군 영광읍 와룡로 3-1,영광군공립요양병원,정,126.49996780473407,35.2848714290803
충청남도,천안시,동남구 목천읍 삼방로 735(천안시립노인병원),충청남도 천안시 동남구 목천읍 삼방로 735(천안시립노인병원),천안시립노인전문병원,정,127.22703559909066,36.82554201762185
서울특별시,은평구,갈현로7길  49,서울특별시 은평구 갈현로7길  49,서울특별시 서북병원,정,126.90522639470352,37.60417903981039
전라북도,남원시,산성길 51-15(산곡동),전라북도 남원시 산성길 51-15(산곡동),전라북도 남원노인요양병원,정,127.37320823046322,35.4209283115786
제주특별자치도,제주시,산천단 남길 10,제주특별자치도 제주시 산천단 남길 10,제주특별자치도 제주의료원,정,126.56084656256769,33.444892341791274
충청남도,보령시,청라면 질재로 373,충청남도 보령시 청라면 질재로 373,보령시립 노인전문병원,정,126.60902803382936,36.405968730031326
인천광역시,서구,심곡로 132번길 21-1,인천광역시 서구 심곡로 132번길 21-1,인천시립치매요양병원,정,126.68517844644062,37.546689392069794
전라북도,정읍시,금붕1길 160-15,전라북도 정읍시 금붕1길 160-15,정읍시립요양병원,정,126.89121417712744,35.550859526866276
충청남도,서산시,중앙로 149번지(석림동 568-5),충청남도 서산시 중앙로 149번지(석림동 568-5),충청남도도립서산노인전문병원,정,126.46573987727946,36.77564372996484
전라남도,화순군,화순읍 서양로 330,전라남도 화순군 화순읍 서양로 330,화순노인전문병원,정,127.00245216748037,35.06186559026949
경기도,용인시,처인구 백암면 용천로 71번길 30,경기도 용인시 처인구 백암면 용천로 71번길 30,서울시립 백암정신병원,정,127.36480787812025,37.12213162937928
충청남도,공주시,무령로 77 (웅진동),충청남도 공주시 무령로 77 (웅진동),충청남도 공주의료원,정,127.109495469895,36.458877785757814
충청북도,청주시,서원구 궁뜰로 62번길 29(장성동),충청북도 청주시 서원구 궁뜰로 62번길 29(장성동),청주시립요양병원,정,127.48184347251602,36.5961487738166
충청남도,논산시,시민로 294번길 11,충청남도 논산시 시민로 294번길 11,논산시립노인전문병원,정,127.09345643123274,36.19280999631901
충청북도,제천시,금성면 청풍호로 1147,충청북도 제천시 금성면 청풍호로 1147,청풍호노인사랑병원,정,128.17511502992642,37.0587714173762
전라남도,목포시,용해동 133-1번지,전라남도 목포시 용해동 133-1번지,목포시의료원,정,126.40536572118188,34.80397958193273
충청남도,천안시,동남구 충절로 537(삼룡동),충청남도 천안시 동남구 충절로 537(삼룡동),충청남도 천안의료원,정,127.17927583039106,36.77548859974812
충청북도,충주시,안림로 239-50(안림동 134),충청북도 충주시 안림로 239-50(안림동 134),충청북도 충주의료원,정,127.9704032745372,36.97931426797265
전라북도,고창군,고인돌대로 1765,전라북도 고창군 고인돌대로 1765,전라북도 고창노인요양병원,정,126.69109227288281,35.43715826114819
인천광역시,계양구,드림로 852,인천광역시 계양구 드림로 852,인천제2시립 노인치매요양병원,정,126.72915493343228,37.57479991602467
충청북도,청주시,흥덕구 흥덕로 48 (사직동 554-6),충청북도 청주시 흥덕구 흥덕로 48 (사직동 554-6),충청북도 청주의료원,유,127.4725394684736,36.64317197616249
충청남도,서산시,중앙로 149번지(석림동 568-5),충청남도 서산시 중앙로 149번지(석림동 568-5),충청남도서산의료원,정,126.46573987727946,36.77564372996484
전라남도,순천시,서문성터길 2,전라남도 순천시 서문성터길 2,전라남도 순천의료원,정,127.48384529907396,34.95777871457417
충청북도,영동군,영동읍 대학로 290,충청북도 영동군 영동읍 대학로 290,영동군립노인전문병원,정,127.79578460445269,36.19415910044866
전라북도,완주군,소양면 소양로 465-23,전라북도 완주군 소양면 소양로 465-23,전라북도 마음사랑병원,정,127.25563542837712,35.86064979190942
충청북도,청주시,흥덕구 청남로 1910번지   (미평동 25번지),충청북도 청주시 흥덕구 청남로 1910번지   (미평동 25번지),충북도립 노인전문병원,대,127.37869310652233,36.64338261960707
제주특별자치도,제주시,산천단 남길 10,제주특별자치도 제주시 산천단 남길 10,제주의료원 부속 요양병원,정,126.56084656256769,33.444892341791274
충청북도,충주시,동량면 대전리 1686-28,충청북도 충주시 동량면 대전리 1686-28,충주시 노인전문병원,정,127.93096227041244,37.04829154568725
전라북도,부안군,부안읍 봉두길 68,전라북도 부안군 부안읍 봉두길 68,부안군노인요양병원,정,126.74507934187285,35.71606093615275
제주특별자치도,서귀포시,장수로 47(동홍동),제주특별자치도 서귀포시 장수로 47(동홍동),제주특별자치도 서귀포의료원,정,126.56449304741729,33.25576705305805
충청남도,서천군,종천면 충서로302번길 88-12,충청남도 서천군 종천면 충서로302번길 88-12,서천군립노인요양병원,정,126.65642482350223,36.10931966931668
충청북도,단양군,단양읍 별곡6길 10,충청북도 단양군 단양읍 별곡6길 10,단양군노인요양전문병원,정,128.36844836185992,36.98697298552126
충청남도,홍성군,홍성읍 조양로 224,충청남도 홍성군 홍성읍 조양로 224,충청남도 홍성의료원,정,126.67457735920094,36.59886844088222